ROI,Subject,Effect, LocalizerSize,EffectSize
1,249_FED_20160519a_3T1_PL2017,SEM, 37,0.540737
1,249_FED_20160519a_3T1_PL2017,PERC, 37,0.100974
1,249_FED_20160519a_3T1_PL2017,Instruct, 37,2.561256
1,376_FED_20160519b_3T1_PL2017,SEM, 37,0.287166
1,376_FED_20160519b_3T1_PL2017,PERC, 37,0.081809
1,376_FED_20160519b_3T1_PL2017,Instruct, 37,0.561883
1,343_FED_20160519c_3T1_PL2017,SEM, 37,1.599924
1,343_FED_20160519c_3T1_PL2017,PERC, 37,1.972636
1,343_FED_20160519c_3T1_PL2017,Instruct, 37,3.313024
1,399_FED_20160519d_3T1_PL2017,SEM, 37,1.010648
1,399_FED_20160519d_3T1_PL2017,PERC, 37,1.128890
1,399_FED_20160519d_3T1_PL2017,Instruct, 37,1.930719
1,400_FED_20160520a_3T1_PL2017,SEM, 37,-0.277858
1,400_FED_20160520a_3T1_PL2017,PERC, 37,-0.334980
1,400_FED_20160520a_3T1_PL2017,Instruct, 37,0.498714
1,366_FED_20160520b_3T1_PL2017,SEM, 37,0.153278
1,366_FED_20160520b_3T1_PL2017,PERC, 37,-0.115069
1,366_FED_20160520b_3T1_PL2017,Instruct, 37,1.527942
1,289_FED_20160520c_3T1_PL2017,SEM, 37,0.854023
1,289_FED_20160520c_3T1_PL2017,PERC, 37,-0.314799
1,289_FED_20160520c_3T1_PL2017,Instruct, 37,-0.151110
1,401_FED_20160520d_3T1_PL2017,SEM, 37,-0.525259
1,401_FED_20160520d_3T1_PL2017,PERC, 37,-0.222082
1,401_FED_20160520d_3T1_PL2017,Instruct, 37,0.289153
1,409_FED_20160622a_3T1_PL2017,SEM, 37,0.488273
1,409_FED_20160622a_3T1_PL2017,PERC, 37,0.378151
1,409_FED_20160622a_3T1_PL2017,Instruct, 37,1.832777
1,410_FED_20160623b_3T2_PL2017,SEM, 37,0.127449
1,410_FED_20160623b_3T2_PL2017,PERC, 37,0.048540
1,410_FED_20160623b_3T2_PL2017,Instruct, 37,2.210233
1,405_FED_20160707b_3T1_PL2017,SEM, 37,0.269652
1,405_FED_20160707b_3T1_PL2017,PERC, 37,0.099414
1,405_FED_20160707b_3T1_PL2017,Instruct, 37,1.186373
1,408_FED_20160711a2_3T1_PL2017,SEM, 37,0.701750
1,408_FED_20160711a2_3T1_PL2017,PERC, 37,0.659157
1,408_FED_20160711a2_3T1_PL2017,Instruct, 37,0.223837
1,290_FED_20160906c_3T2_PL2017,SEM, 37,0.293226
1,290_FED_20160906c_3T2_PL2017,PERC, 37,0.076992
1,290_FED_20160906c_3T2_PL2017,Instruct, 37,1.048033
1,252_FED_20160907b_3T2_PL2017,SEM, 37,1.681815
1,252_FED_20160907b_3T2_PL2017,PERC, 37,2.546175
1,252_FED_20160907b_3T2_PL2017,Instruct, 37,3.349513
2,249_FED_20160519a_3T1_PL2017,SEM, 74,0.400038
2,249_FED_20160519a_3T1_PL2017,PERC, 74,-0.051597
2,249_FED_20160519a_3T1_PL2017,Instruct, 74,3.657084
2,376_FED_20160519b_3T1_PL2017,SEM, 74,1.612912
2,376_FED_20160519b_3T1_PL2017,PERC, 74,1.067666
2,376_FED_20160519b_3T1_PL2017,Instruct, 74,2.523002
2,343_FED_20160519c_3T1_PL2017,SEM, 74,1.098480
2,343_FED_20160519c_3T1_PL2017,PERC, 74,1.846087
2,343_FED_20160519c_3T1_PL2017,Instruct, 74,3.402534
2,399_FED_20160519d_3T1_PL2017,SEM, 74,1.527091
2,399_FED_20160519d_3T1_PL2017,PERC, 74,1.653640
2,399_FED_20160519d_3T1_PL2017,Instruct, 74,2.795879
2,400_FED_20160520a_3T1_PL2017,SEM, 74,2.078974
2,400_FED_20160520a_3T1_PL2017,PERC, 74,1.604031
2,400_FED_20160520a_3T1_PL2017,Instruct, 74,4.224532
2,366_FED_20160520b_3T1_PL2017,SEM, 74,0.852951
2,366_FED_20160520b_3T1_PL2017,PERC, 74,0.369103
2,366_FED_20160520b_3T1_PL2017,Instruct, 74,1.488676
2,289_FED_20160520c_3T1_PL2017,SEM, 74,0.462695
2,289_FED_20160520c_3T1_PL2017,PERC, 74,0.067523
2,289_FED_20160520c_3T1_PL2017,Instruct, 74,0.644976
2,401_FED_20160520d_3T1_PL2017,SEM, 74,-0.481991
2,401_FED_20160520d_3T1_PL2017,PERC, 74,-0.332649
2,401_FED_20160520d_3T1_PL2017,Instruct, 74,1.607506
2,409_FED_20160622a_3T1_PL2017,SEM, 74,-0.105577
2,409_FED_20160622a_3T1_PL2017,PERC, 74,0.095396
2,409_FED_20160622a_3T1_PL2017,Instruct, 74,1.184798
2,410_FED_20160623b_3T2_PL2017,SEM, 74,0.852949
2,410_FED_20160623b_3T2_PL2017,PERC, 74,0.702952
2,410_FED_20160623b_3T2_PL2017,Instruct, 74,3.810433
2,405_FED_20160707b_3T1_PL2017,SEM, 74,1.526190
2,405_FED_20160707b_3T1_PL2017,PERC, 74,1.170480
2,405_FED_20160707b_3T1_PL2017,Instruct, 74,3.043003
2,408_FED_20160711a2_3T1_PL2017,SEM, 74,1.300500
2,408_FED_20160711a2_3T1_PL2017,PERC, 74,1.003053
2,408_FED_20160711a2_3T1_PL2017,Instruct, 74,1.578381
2,290_FED_20160906c_3T2_PL2017,SEM, 74,1.103124
2,290_FED_20160906c_3T2_PL2017,PERC, 74,0.777328
2,290_FED_20160906c_3T2_PL2017,Instruct, 74,2.405718
2,252_FED_20160907b_3T2_PL2017,SEM, 74,1.690965
2,252_FED_20160907b_3T2_PL2017,PERC, 74,2.440267
2,252_FED_20160907b_3T2_PL2017,Instruct, 74,2.685836
3,249_FED_20160519a_3T1_PL2017,SEM, 46,0.653393
3,249_FED_20160519a_3T1_PL2017,PERC, 46,0.354729
3,249_FED_20160519a_3T1_PL2017,Instruct, 46,4.010797
3,376_FED_20160519b_3T1_PL2017,SEM, 46,0.969957
3,376_FED_20160519b_3T1_PL2017,PERC, 46,0.662988
3,376_FED_20160519b_3T1_PL2017,Instruct, 46,1.553143
3,343_FED_20160519c_3T1_PL2017,SEM, 46,2.210663
3,343_FED_20160519c_3T1_PL2017,PERC, 46,3.006272
3,343_FED_20160519c_3T1_PL2017,Instruct, 46,5.989850
3,399_FED_20160519d_3T1_PL2017,SEM, 46,0.475521
3,399_FED_20160519d_3T1_PL2017,PERC, 46,1.134038
3,399_FED_20160519d_3T1_PL2017,Instruct, 46,1.549160
3,400_FED_20160520a_3T1_PL2017,SEM, 46,0.905146
3,400_FED_20160520a_3T1_PL2017,PERC, 46,0.742247
3,400_FED_20160520a_3T1_PL2017,Instruct, 46,2.656028
3,366_FED_20160520b_3T1_PL2017,SEM, 46,0.591396
3,366_FED_20160520b_3T1_PL2017,PERC, 46,0.295871
3,366_FED_20160520b_3T1_PL2017,Instruct, 46,2.864466
3,289_FED_20160520c_3T1_PL2017,SEM, 46,0.000026
3,289_FED_20160520c_3T1_PL2017,PERC, 46,0.066887
3,289_FED_20160520c_3T1_PL2017,Instruct, 46,-0.236166
3,401_FED_20160520d_3T1_PL2017,SEM, 46,-0.829052
3,401_FED_20160520d_3T1_PL2017,PERC, 46,-0.428413
3,401_FED_20160520d_3T1_PL2017,Instruct, 46,0.747884
3,409_FED_20160622a_3T1_PL2017,SEM, 46,-1.089154
3,409_FED_20160622a_3T1_PL2017,PERC, 46,-0.374517
3,409_FED_20160622a_3T1_PL2017,Instruct, 46,0.864622
3,410_FED_20160623b_3T2_PL2017,SEM, 46,0.627851
3,410_FED_20160623b_3T2_PL2017,PERC, 46,0.334861
3,410_FED_20160623b_3T2_PL2017,Instruct, 46,2.539625
3,405_FED_20160707b_3T1_PL2017,SEM, 46,1.184074
3,405_FED_20160707b_3T1_PL2017,PERC, 46,1.209647
3,405_FED_20160707b_3T1_PL2017,Instruct, 46,1.736122
3,408_FED_20160711a2_3T1_PL2017,SEM, 46,0.870878
3,408_FED_20160711a2_3T1_PL2017,PERC, 46,0.649462
3,408_FED_20160711a2_3T1_PL2017,Instruct, 46,2.986608
3,290_FED_20160906c_3T2_PL2017,SEM, 46,1.105615
3,290_FED_20160906c_3T2_PL2017,PERC, 46,1.254070
3,290_FED_20160906c_3T2_PL2017,Instruct, 46,2.823062
3,252_FED_20160907b_3T2_PL2017,SEM, 46,0.582693
3,252_FED_20160907b_3T2_PL2017,PERC, 46,0.786150
3,252_FED_20160907b_3T2_PL2017,Instruct, 46,1.445004
4,249_FED_20160519a_3T1_PL2017,SEM, 162,-0.320332
4,249_FED_20160519a_3T1_PL2017,PERC, 162,-0.312063
4,249_FED_20160519a_3T1_PL2017,Instruct, 162,1.423284
4,376_FED_20160519b_3T1_PL2017,SEM, 162,-0.125214
4,376_FED_20160519b_3T1_PL2017,PERC, 162,-0.405139
4,376_FED_20160519b_3T1_PL2017,Instruct, 162,1.184848
4,343_FED_20160519c_3T1_PL2017,SEM, 162,0.517664
4,343_FED_20160519c_3T1_PL2017,PERC, 162,0.468604
4,343_FED_20160519c_3T1_PL2017,Instruct, 162,1.618605
4,399_FED_20160519d_3T1_PL2017,SEM, 162,0.298970
4,399_FED_20160519d_3T1_PL2017,PERC, 162,0.318330
4,399_FED_20160519d_3T1_PL2017,Instruct, 162,1.166972
4,400_FED_20160520a_3T1_PL2017,SEM, 162,-0.337160
4,400_FED_20160520a_3T1_PL2017,PERC, 162,-0.402084
4,400_FED_20160520a_3T1_PL2017,Instruct, 162,1.070532
4,366_FED_20160520b_3T1_PL2017,SEM, 162,-0.218554
4,366_FED_20160520b_3T1_PL2017,PERC, 162,-0.340530
4,366_FED_20160520b_3T1_PL2017,Instruct, 162,0.597186
4,289_FED_20160520c_3T1_PL2017,SEM, 162,0.342170
4,289_FED_20160520c_3T1_PL2017,PERC, 162,0.065167
4,289_FED_20160520c_3T1_PL2017,Instruct, 162,0.033422
4,401_FED_20160520d_3T1_PL2017,SEM, 162,-0.534068
4,401_FED_20160520d_3T1_PL2017,PERC, 162,-0.278208
4,401_FED_20160520d_3T1_PL2017,Instruct, 162,0.489759
4,409_FED_20160622a_3T1_PL2017,SEM, 162,-0.680972
4,409_FED_20160622a_3T1_PL2017,PERC, 162,-0.814587
4,409_FED_20160622a_3T1_PL2017,Instruct, 162,0.843825
4,410_FED_20160623b_3T2_PL2017,SEM, 162,-0.202781
4,410_FED_20160623b_3T2_PL2017,PERC, 162,-0.255581
4,410_FED_20160623b_3T2_PL2017,Instruct, 162,1.322460
4,405_FED_20160707b_3T1_PL2017,SEM, 162,0.454275
4,405_FED_20160707b_3T1_PL2017,PERC, 162,-0.075077
4,405_FED_20160707b_3T1_PL2017,Instruct, 162,2.161582
4,408_FED_20160711a2_3T1_PL2017,SEM, 162,0.444119
4,408_FED_20160711a2_3T1_PL2017,PERC, 162,0.102455
4,408_FED_20160711a2_3T1_PL2017,Instruct, 162,1.967986
4,290_FED_20160906c_3T2_PL2017,SEM, 162,-0.158955
4,290_FED_20160906c_3T2_PL2017,PERC, 162,-0.247450
4,290_FED_20160906c_3T2_PL2017,Instruct, 162,0.156961
4,252_FED_20160907b_3T2_PL2017,SEM, 162,0.748692
4,252_FED_20160907b_3T2_PL2017,PERC, 162,0.874755
4,252_FED_20160907b_3T2_PL2017,Instruct, 162,1.440661
5,249_FED_20160519a_3T1_PL2017,SEM, 294,0.279027
5,249_FED_20160519a_3T1_PL2017,PERC, 294,0.256998
5,249_FED_20160519a_3T1_PL2017,Instruct, 294,5.691067
5,376_FED_20160519b_3T1_PL2017,SEM, 294,0.340217
5,376_FED_20160519b_3T1_PL2017,PERC, 294,-0.031075
5,376_FED_20160519b_3T1_PL2017,Instruct, 294,1.586804
5,343_FED_20160519c_3T1_PL2017,SEM, 294,1.111374
5,343_FED_20160519c_3T1_PL2017,PERC, 294,1.816810
5,343_FED_20160519c_3T1_PL2017,Instruct, 294,3.630374
5,399_FED_20160519d_3T1_PL2017,SEM, 294,-0.407434
5,399_FED_20160519d_3T1_PL2017,PERC, 294,0.136964
5,399_FED_20160519d_3T1_PL2017,Instruct, 294,1.091052
5,400_FED_20160520a_3T1_PL2017,SEM, 294,0.008179
5,400_FED_20160520a_3T1_PL2017,PERC, 294,-0.004513
5,400_FED_20160520a_3T1_PL2017,Instruct, 294,2.851496
5,366_FED_20160520b_3T1_PL2017,SEM, 294,0.151743
5,366_FED_20160520b_3T1_PL2017,PERC, 294,-0.170562
5,366_FED_20160520b_3T1_PL2017,Instruct, 294,1.817761
5,289_FED_20160520c_3T1_PL2017,SEM, 294,0.252455
5,289_FED_20160520c_3T1_PL2017,PERC, 294,0.108078
5,289_FED_20160520c_3T1_PL2017,Instruct, 294,1.004500
5,401_FED_20160520d_3T1_PL2017,SEM, 294,-0.545517
5,401_FED_20160520d_3T1_PL2017,PERC, 294,-0.068838
5,401_FED_20160520d_3T1_PL2017,Instruct, 294,0.902074
5,409_FED_20160622a_3T1_PL2017,SEM, 294,-0.196503
5,409_FED_20160622a_3T1_PL2017,PERC, 294,-0.245457
5,409_FED_20160622a_3T1_PL2017,Instruct, 294,1.857023
5,410_FED_20160623b_3T2_PL2017,SEM, 294,0.180244
5,410_FED_20160623b_3T2_PL2017,PERC, 294,0.185292
5,410_FED_20160623b_3T2_PL2017,Instruct, 294,2.715279
5,405_FED_20160707b_3T1_PL2017,SEM, 294,1.307191
5,405_FED_20160707b_3T1_PL2017,PERC, 294,1.297820
5,405_FED_20160707b_3T1_PL2017,Instruct, 294,4.244641
5,408_FED_20160711a2_3T1_PL2017,SEM, 294,0.370531
5,408_FED_20160711a2_3T1_PL2017,PERC, 294,0.024208
5,408_FED_20160711a2_3T1_PL2017,Instruct, 294,1.752889
5,290_FED_20160906c_3T2_PL2017,SEM, 294,0.236531
5,290_FED_20160906c_3T2_PL2017,PERC, 294,0.172613
5,290_FED_20160906c_3T2_PL2017,Instruct, 294,1.618040
5,252_FED_20160907b_3T2_PL2017,SEM, 294,0.837561
5,252_FED_20160907b_3T2_PL2017,PERC, 294,1.279026
5,252_FED_20160907b_3T2_PL2017,Instruct, 294,2.558787
6,249_FED_20160519a_3T1_PL2017,SEM, 64,1.536365
6,249_FED_20160519a_3T1_PL2017,PERC, 64,0.259431
6,249_FED_20160519a_3T1_PL2017,Instruct, 64,3.568234
6,376_FED_20160519b_3T1_PL2017,SEM, 64,-0.376675
6,376_FED_20160519b_3T1_PL2017,PERC, 64,-0.890240
6,376_FED_20160519b_3T1_PL2017,Instruct, 64,-0.806581
6,343_FED_20160519c_3T1_PL2017,SEM, 64,1.068897
6,343_FED_20160519c_3T1_PL2017,PERC, 64,1.361116
6,343_FED_20160519c_3T1_PL2017,Instruct, 64,2.417761
6,399_FED_20160519d_3T1_PL2017,SEM, 64,-0.148122
6,399_FED_20160519d_3T1_PL2017,PERC, 64,-0.260096
6,399_FED_20160519d_3T1_PL2017,Instruct, 64,-0.978021
6,400_FED_20160520a_3T1_PL2017,SEM, 64,-0.401647
6,400_FED_20160520a_3T1_PL2017,PERC, 64,-0.899232
6,400_FED_20160520a_3T1_PL2017,Instruct, 64,0.343149
6,366_FED_20160520b_3T1_PL2017,SEM, 64,0.328459
6,366_FED_20160520b_3T1_PL2017,PERC, 64,-0.052295
6,366_FED_20160520b_3T1_PL2017,Instruct, 64,0.866269
6,289_FED_20160520c_3T1_PL2017,SEM, 64,0.040220
6,289_FED_20160520c_3T1_PL2017,PERC, 64,-0.584781
6,289_FED_20160520c_3T1_PL2017,Instruct, 64,-1.572619
6,401_FED_20160520d_3T1_PL2017,SEM, 64,-0.995990
6,401_FED_20160520d_3T1_PL2017,PERC, 64,-0.918886
6,401_FED_20160520d_3T1_PL2017,Instruct, 64,-0.621524
6,409_FED_20160622a_3T1_PL2017,SEM, 64,0.767172
6,409_FED_20160622a_3T1_PL2017,PERC, 64,-0.685049
6,409_FED_20160622a_3T1_PL2017,Instruct, 64,1.245814
6,410_FED_20160623b_3T2_PL2017,SEM, 64,0.481394
6,410_FED_20160623b_3T2_PL2017,PERC, 64,0.388505
6,410_FED_20160623b_3T2_PL2017,Instruct, 64,2.314267
6,405_FED_20160707b_3T1_PL2017,SEM, 64,0.674088
6,405_FED_20160707b_3T1_PL2017,PERC, 64,0.262020
6,405_FED_20160707b_3T1_PL2017,Instruct, 64,2.722407
6,408_FED_20160711a2_3T1_PL2017,SEM, 64,0.812671
6,408_FED_20160711a2_3T1_PL2017,PERC, 64,0.218931
6,408_FED_20160711a2_3T1_PL2017,Instruct, 64,0.528359
6,290_FED_20160906c_3T2_PL2017,SEM, 64,1.308343
6,290_FED_20160906c_3T2_PL2017,PERC, 64,0.723724
6,290_FED_20160906c_3T2_PL2017,Instruct, 64,1.135725
6,252_FED_20160907b_3T2_PL2017,SEM, 64,0.972377
6,252_FED_20160907b_3T2_PL2017,PERC, 64,1.025144
6,252_FED_20160907b_3T2_PL2017,Instruct, 64,1.456198
7,249_FED_20160519a_3T1_PL2017,SEM, 37,0.682470
7,249_FED_20160519a_3T1_PL2017,PERC, 37,0.131681
7,249_FED_20160519a_3T1_PL2017,Instruct, 37,1.595629
7,376_FED_20160519b_3T1_PL2017,SEM, 37,0.306222
7,376_FED_20160519b_3T1_PL2017,PERC, 37,-0.000358
7,376_FED_20160519b_3T1_PL2017,Instruct, 37,-0.136756
7,343_FED_20160519c_3T1_PL2017,SEM, 37,0.303361
7,343_FED_20160519c_3T1_PL2017,PERC, 37,0.557184
7,343_FED_20160519c_3T1_PL2017,Instruct, 37,1.769428
7,399_FED_20160519d_3T1_PL2017,SEM, 37,-0.202559
7,399_FED_20160519d_3T1_PL2017,PERC, 37,-0.157363
7,399_FED_20160519d_3T1_PL2017,Instruct, 37,0.834779
7,400_FED_20160520a_3T1_PL2017,SEM, 37,0.729103
7,400_FED_20160520a_3T1_PL2017,PERC, 37,0.672425
7,400_FED_20160520a_3T1_PL2017,Instruct, 37,1.482328
7,366_FED_20160520b_3T1_PL2017,SEM, 37,0.233057
7,366_FED_20160520b_3T1_PL2017,PERC, 37,0.153973
7,366_FED_20160520b_3T1_PL2017,Instruct, 37,0.531626
7,289_FED_20160520c_3T1_PL2017,SEM, 37,0.385502
7,289_FED_20160520c_3T1_PL2017,PERC, 37,-0.659874
7,289_FED_20160520c_3T1_PL2017,Instruct, 37,-1.926176
7,401_FED_20160520d_3T1_PL2017,SEM, 37,-0.814870
7,401_FED_20160520d_3T1_PL2017,PERC, 37,-0.324740
7,401_FED_20160520d_3T1_PL2017,Instruct, 37,-0.944373
7,409_FED_20160622a_3T1_PL2017,SEM, 37,0.402124
7,409_FED_20160622a_3T1_PL2017,PERC, 37,0.215718
7,409_FED_20160622a_3T1_PL2017,Instruct, 37,0.451451
7,410_FED_20160623b_3T2_PL2017,SEM, 37,-0.291726
7,410_FED_20160623b_3T2_PL2017,PERC, 37,-0.266410
7,410_FED_20160623b_3T2_PL2017,Instruct, 37,0.247638
7,405_FED_20160707b_3T1_PL2017,SEM, 37,-0.646080
7,405_FED_20160707b_3T1_PL2017,PERC, 37,-0.723247
7,405_FED_20160707b_3T1_PL2017,Instruct, 37,-0.162126
7,408_FED_20160711a2_3T1_PL2017,SEM, 37,0.772709
7,408_FED_20160711a2_3T1_PL2017,PERC, 37,0.219563
7,408_FED_20160711a2_3T1_PL2017,Instruct, 37,-0.639674
7,290_FED_20160906c_3T2_PL2017,SEM, 37,0.194586
7,290_FED_20160906c_3T2_PL2017,PERC, 37,0.239030
7,290_FED_20160906c_3T2_PL2017,Instruct, 37,0.507974
7,252_FED_20160907b_3T2_PL2017,SEM, 37,1.232013
7,252_FED_20160907b_3T2_PL2017,PERC, 37,1.574116
7,252_FED_20160907b_3T2_PL2017,Instruct, 37,2.891843
8,249_FED_20160519a_3T1_PL2017,SEM, 74,1.425356
8,249_FED_20160519a_3T1_PL2017,PERC, 74,0.939733
8,249_FED_20160519a_3T1_PL2017,Instruct, 74,1.941667
8,376_FED_20160519b_3T1_PL2017,SEM, 74,1.086569
8,376_FED_20160519b_3T1_PL2017,PERC, 74,0.275887
8,376_FED_20160519b_3T1_PL2017,Instruct, 74,0.989066
8,343_FED_20160519c_3T1_PL2017,SEM, 74,0.649981
8,343_FED_20160519c_3T1_PL2017,PERC, 74,1.483511
8,343_FED_20160519c_3T1_PL2017,Instruct, 74,3.417111
8,399_FED_20160519d_3T1_PL2017,SEM, 74,-0.206442
8,399_FED_20160519d_3T1_PL2017,PERC, 74,-0.403174
8,399_FED_20160519d_3T1_PL2017,Instruct, 74,0.334535
8,400_FED_20160520a_3T1_PL2017,SEM, 74,0.279405
8,400_FED_20160520a_3T1_PL2017,PERC, 74,0.313817
8,400_FED_20160520a_3T1_PL2017,Instruct, 74,1.101732
8,366_FED_20160520b_3T1_PL2017,SEM, 74,0.185499
8,366_FED_20160520b_3T1_PL2017,PERC, 74,0.210733
8,366_FED_20160520b_3T1_PL2017,Instruct, 74,0.806649
8,289_FED_20160520c_3T1_PL2017,SEM, 74,1.089418
8,289_FED_20160520c_3T1_PL2017,PERC, 74,0.336631
8,289_FED_20160520c_3T1_PL2017,Instruct, 74,-0.989623
8,401_FED_20160520d_3T1_PL2017,SEM, 74,-1.096023
8,401_FED_20160520d_3T1_PL2017,PERC, 74,-0.934380
8,401_FED_20160520d_3T1_PL2017,Instruct, 74,-0.604869
8,409_FED_20160622a_3T1_PL2017,SEM, 74,0.315729
8,409_FED_20160622a_3T1_PL2017,PERC, 74,-0.022435
8,409_FED_20160622a_3T1_PL2017,Instruct, 74,0.670558
8,410_FED_20160623b_3T2_PL2017,SEM, 74,-0.322129
8,410_FED_20160623b_3T2_PL2017,PERC, 74,-0.378029
8,410_FED_20160623b_3T2_PL2017,Instruct, 74,-0.331117
8,405_FED_20160707b_3T1_PL2017,SEM, 74,0.110667
8,405_FED_20160707b_3T1_PL2017,PERC, 74,0.111544
8,405_FED_20160707b_3T1_PL2017,Instruct, 74,1.670968
8,408_FED_20160711a2_3T1_PL2017,SEM, 74,0.686344
8,408_FED_20160711a2_3T1_PL2017,PERC, 74,0.140179
8,408_FED_20160711a2_3T1_PL2017,Instruct, 74,1.073988
8,290_FED_20160906c_3T2_PL2017,SEM, 74,0.210455
8,290_FED_20160906c_3T2_PL2017,PERC, 74,0.363768
8,290_FED_20160906c_3T2_PL2017,Instruct, 74,0.677851
8,252_FED_20160907b_3T2_PL2017,SEM, 74,1.113902
8,252_FED_20160907b_3T2_PL2017,PERC, 74,1.238312
8,252_FED_20160907b_3T2_PL2017,Instruct, 74,2.177934
9,249_FED_20160519a_3T1_PL2017,SEM, 46,0.334071
9,249_FED_20160519a_3T1_PL2017,PERC, 46,0.283861
9,249_FED_20160519a_3T1_PL2017,Instruct, 46,1.287597
9,376_FED_20160519b_3T1_PL2017,SEM, 46,0.842492
9,376_FED_20160519b_3T1_PL2017,PERC, 46,0.339509
9,376_FED_20160519b_3T1_PL2017,Instruct, 46,1.150319
9,343_FED_20160519c_3T1_PL2017,SEM, 46,0.675293
9,343_FED_20160519c_3T1_PL2017,PERC, 46,1.252208
9,343_FED_20160519c_3T1_PL2017,Instruct, 46,3.523423
9,399_FED_20160519d_3T1_PL2017,SEM, 46,0.265688
9,399_FED_20160519d_3T1_PL2017,PERC, 46,0.208395
9,399_FED_20160519d_3T1_PL2017,Instruct, 46,0.984877
9,400_FED_20160520a_3T1_PL2017,SEM, 46,1.453965
9,400_FED_20160520a_3T1_PL2017,PERC, 46,1.680615
9,400_FED_20160520a_3T1_PL2017,Instruct, 46,1.518346
9,366_FED_20160520b_3T1_PL2017,SEM, 46,1.088239
9,366_FED_20160520b_3T1_PL2017,PERC, 46,1.065091
9,366_FED_20160520b_3T1_PL2017,Instruct, 46,2.196804
9,289_FED_20160520c_3T1_PL2017,SEM, 46,0.249241
9,289_FED_20160520c_3T1_PL2017,PERC, 46,0.373292
9,289_FED_20160520c_3T1_PL2017,Instruct, 46,-0.359190
9,401_FED_20160520d_3T1_PL2017,SEM, 46,-0.530080
9,401_FED_20160520d_3T1_PL2017,PERC, 46,-0.449129
9,401_FED_20160520d_3T1_PL2017,Instruct, 46,0.207369
9,409_FED_20160622a_3T1_PL2017,SEM, 46,-1.165433
9,409_FED_20160622a_3T1_PL2017,PERC, 46,-1.215076
9,409_FED_20160622a_3T1_PL2017,Instruct, 46,-0.448598
9,410_FED_20160623b_3T2_PL2017,SEM, 46,-0.091548
9,410_FED_20160623b_3T2_PL2017,PERC, 46,0.139834
9,410_FED_20160623b_3T2_PL2017,Instruct, 46,0.112867
9,405_FED_20160707b_3T1_PL2017,SEM, 46,0.707153
9,405_FED_20160707b_3T1_PL2017,PERC, 46,0.779421
9,405_FED_20160707b_3T1_PL2017,Instruct, 46,2.438125
9,408_FED_20160711a2_3T1_PL2017,SEM, 46,1.355259
9,408_FED_20160711a2_3T1_PL2017,PERC, 46,1.123647
9,408_FED_20160711a2_3T1_PL2017,Instruct, 46,1.863639
9,290_FED_20160906c_3T2_PL2017,SEM, 46,2.379710
9,290_FED_20160906c_3T2_PL2017,PERC, 46,2.800394
9,290_FED_20160906c_3T2_PL2017,Instruct, 46,3.132079
9,252_FED_20160907b_3T2_PL2017,SEM, 46,-0.077245
9,252_FED_20160907b_3T2_PL2017,PERC, 46,0.206087
9,252_FED_20160907b_3T2_PL2017,Instruct, 46,0.079740
10,249_FED_20160519a_3T1_PL2017,SEM, 162,-0.045207
10,249_FED_20160519a_3T1_PL2017,PERC, 162,-0.174506
10,249_FED_20160519a_3T1_PL2017,Instruct, 162,0.757860
10,376_FED_20160519b_3T1_PL2017,SEM, 162,0.036423
10,376_FED_20160519b_3T1_PL2017,PERC, 162,-0.507887
10,376_FED_20160519b_3T1_PL2017,Instruct, 162,0.774661
10,343_FED_20160519c_3T1_PL2017,SEM, 162,1.001729
10,343_FED_20160519c_3T1_PL2017,PERC, 162,1.158591
10,343_FED_20160519c_3T1_PL2017,Instruct, 162,3.013999
10,399_FED_20160519d_3T1_PL2017,SEM, 162,0.350657
10,399_FED_20160519d_3T1_PL2017,PERC, 162,0.393068
10,399_FED_20160519d_3T1_PL2017,Instruct, 162,1.808359
10,400_FED_20160520a_3T1_PL2017,SEM, 162,-0.619085
10,400_FED_20160520a_3T1_PL2017,PERC, 162,-0.659696
10,400_FED_20160520a_3T1_PL2017,Instruct, 162,1.229874
10,366_FED_20160520b_3T1_PL2017,SEM, 162,-0.203097
10,366_FED_20160520b_3T1_PL2017,PERC, 162,-0.232158
10,366_FED_20160520b_3T1_PL2017,Instruct, 162,0.723428
10,289_FED_20160520c_3T1_PL2017,SEM, 162,-0.384136
10,289_FED_20160520c_3T1_PL2017,PERC, 162,-0.565207
10,289_FED_20160520c_3T1_PL2017,Instruct, 162,-1.435478
10,401_FED_20160520d_3T1_PL2017,SEM, 162,-0.512317
10,401_FED_20160520d_3T1_PL2017,PERC, 162,-0.175283
10,401_FED_20160520d_3T1_PL2017,Instruct, 162,0.003804
10,409_FED_20160622a_3T1_PL2017,SEM, 162,-1.106903
10,409_FED_20160622a_3T1_PL2017,PERC, 162,-1.364251
10,409_FED_20160622a_3T1_PL2017,Instruct, 162,0.103540
10,410_FED_20160623b_3T2_PL2017,SEM, 162,-0.747228
10,410_FED_20160623b_3T2_PL2017,PERC, 162,-0.776700
10,410_FED_20160623b_3T2_PL2017,Instruct, 162,0.539815
10,405_FED_20160707b_3T1_PL2017,SEM, 162,-0.304446
10,405_FED_20160707b_3T1_PL2017,PERC, 162,-0.999477
10,405_FED_20160707b_3T1_PL2017,Instruct, 162,1.316970
10,408_FED_20160711a2_3T1_PL2017,SEM, 162,0.335918
10,408_FED_20160711a2_3T1_PL2017,PERC, 162,-0.235999
10,408_FED_20160711a2_3T1_PL2017,Instruct, 162,1.685625
10,290_FED_20160906c_3T2_PL2017,SEM, 162,-0.185984
10,290_FED_20160906c_3T2_PL2017,PERC, 162,-0.214294
10,290_FED_20160906c_3T2_PL2017,Instruct, 162,0.124681
10,252_FED_20160907b_3T2_PL2017,SEM, 162,0.844111
10,252_FED_20160907b_3T2_PL2017,PERC, 162,0.751205
10,252_FED_20160907b_3T2_PL2017,Instruct, 162,2.045752
11,249_FED_20160519a_3T1_PL2017,SEM, 294,0.521897
11,249_FED_20160519a_3T1_PL2017,PERC, 294,0.384672
11,249_FED_20160519a_3T1_PL2017,Instruct, 294,1.699203
11,376_FED_20160519b_3T1_PL2017,SEM, 294,0.029120
11,376_FED_20160519b_3T1_PL2017,PERC, 294,-0.309249
11,376_FED_20160519b_3T1_PL2017,Instruct, 294,0.823164
11,343_FED_20160519c_3T1_PL2017,SEM, 294,1.043356
11,343_FED_20160519c_3T1_PL2017,PERC, 294,1.559320
11,343_FED_20160519c_3T1_PL2017,Instruct, 294,3.930346
11,399_FED_20160519d_3T1_PL2017,SEM, 294,-0.324982
11,399_FED_20160519d_3T1_PL2017,PERC, 294,-0.095909
11,399_FED_20160519d_3T1_PL2017,Instruct, 294,1.739513
11,400_FED_20160520a_3T1_PL2017,SEM, 294,0.392383
11,400_FED_20160520a_3T1_PL2017,PERC, 294,0.589997
11,400_FED_20160520a_3T1_PL2017,Instruct, 294,1.870538
11,366_FED_20160520b_3T1_PL2017,SEM, 294,-0.080917
11,366_FED_20160520b_3T1_PL2017,PERC, 294,-0.140463
11,366_FED_20160520b_3T1_PL2017,Instruct, 294,0.692145
11,289_FED_20160520c_3T1_PL2017,SEM, 294,-0.312865
11,289_FED_20160520c_3T1_PL2017,PERC, 294,-0.318642
11,289_FED_20160520c_3T1_PL2017,Instruct, 294,-0.390299
11,401_FED_20160520d_3T1_PL2017,SEM, 294,-0.513230
11,401_FED_20160520d_3T1_PL2017,PERC, 294,-0.187209
11,401_FED_20160520d_3T1_PL2017,Instruct, 294,0.295982
11,409_FED_20160622a_3T1_PL2017,SEM, 294,-0.159671
11,409_FED_20160622a_3T1_PL2017,PERC, 294,-0.429072
11,409_FED_20160622a_3T1_PL2017,Instruct, 294,0.815547
11,410_FED_20160623b_3T2_PL2017,SEM, 294,-0.357825
11,410_FED_20160623b_3T2_PL2017,PERC, 294,-0.252180
11,410_FED_20160623b_3T2_PL2017,Instruct, 294,1.207023
11,405_FED_20160707b_3T1_PL2017,SEM, 294,0.412365
11,405_FED_20160707b_3T1_PL2017,PERC, 294,0.081754
11,405_FED_20160707b_3T1_PL2017,Instruct, 294,2.748805
11,408_FED_20160711a2_3T1_PL2017,SEM, 294,0.150591
11,408_FED_20160711a2_3T1_PL2017,PERC, 294,-0.167697
11,408_FED_20160711a2_3T1_PL2017,Instruct, 294,1.428699
11,290_FED_20160906c_3T2_PL2017,SEM, 294,0.097026
11,290_FED_20160906c_3T2_PL2017,PERC, 294,0.099044
11,290_FED_20160906c_3T2_PL2017,Instruct, 294,0.997562
11,252_FED_20160907b_3T2_PL2017,SEM, 294,0.142685
11,252_FED_20160907b_3T2_PL2017,PERC, 294,-0.011482
11,252_FED_20160907b_3T2_PL2017,Instruct, 294,2.293996
12,249_FED_20160519a_3T1_PL2017,SEM, 64,1.486323
12,249_FED_20160519a_3T1_PL2017,PERC, 64,0.797685
12,249_FED_20160519a_3T1_PL2017,Instruct, 64,1.492250
12,376_FED_20160519b_3T1_PL2017,SEM, 64,-0.849109
12,376_FED_20160519b_3T1_PL2017,PERC, 64,-1.277610
12,376_FED_20160519b_3T1_PL2017,Instruct, 64,-1.420096
12,343_FED_20160519c_3T1_PL2017,SEM, 64,1.519436
12,343_FED_20160519c_3T1_PL2017,PERC, 64,1.234011
12,343_FED_20160519c_3T1_PL2017,Instruct, 64,4.329622
12,399_FED_20160519d_3T1_PL2017,SEM, 64,-0.363615
12,399_FED_20160519d_3T1_PL2017,PERC, 64,-0.414480
12,399_FED_20160519d_3T1_PL2017,Instruct, 64,-0.342104
12,400_FED_20160520a_3T1_PL2017,SEM, 64,-1.225306
12,400_FED_20160520a_3T1_PL2017,PERC, 64,-1.198301
12,400_FED_20160520a_3T1_PL2017,Instruct, 64,0.278160
12,366_FED_20160520b_3T1_PL2017,SEM, 64,-0.256268
12,366_FED_20160520b_3T1_PL2017,PERC, 64,-0.348339
12,366_FED_20160520b_3T1_PL2017,Instruct, 64,-0.420050
12,289_FED_20160520c_3T1_PL2017,SEM, 64,0.226636
12,289_FED_20160520c_3T1_PL2017,PERC, 64,0.041889
12,289_FED_20160520c_3T1_PL2017,Instruct, 64,-0.696427
12,401_FED_20160520d_3T1_PL2017,SEM, 64,-0.868502
12,401_FED_20160520d_3T1_PL2017,PERC, 64,-0.956185
12,401_FED_20160520d_3T1_PL2017,Instruct, 64,0.373514
12,409_FED_20160622a_3T1_PL2017,SEM, 64,-0.266669
12,409_FED_20160622a_3T1_PL2017,PERC, 64,-0.941897
12,409_FED_20160622a_3T1_PL2017,Instruct, 64,-0.346174
12,410_FED_20160623b_3T2_PL2017,SEM, 64,0.093000
12,410_FED_20160623b_3T2_PL2017,PERC, 64,-0.171046
12,410_FED_20160623b_3T2_PL2017,Instruct, 64,0.441895
12,405_FED_20160707b_3T1_PL2017,SEM, 64,0.349331
12,405_FED_20160707b_3T1_PL2017,PERC, 64,0.352785
12,405_FED_20160707b_3T1_PL2017,Instruct, 64,2.517823
12,408_FED_20160711a2_3T1_PL2017,SEM, 64,0.534863
12,408_FED_20160711a2_3T1_PL2017,PERC, 64,0.291105
12,408_FED_20160711a2_3T1_PL2017,Instruct, 64,0.444467
12,290_FED_20160906c_3T2_PL2017,SEM, 64,0.219685
12,290_FED_20160906c_3T2_PL2017,PERC, 64,0.368556
12,290_FED_20160906c_3T2_PL2017,Instruct, 64,0.577912
12,252_FED_20160907b_3T2_PL2017,SEM, 64,-0.198511
12,252_FED_20160907b_3T2_PL2017,PERC, 64,-0.815357
12,252_FED_20160907b_3T2_PL2017,Instruct, 64,1.350318
